2,f90cD3E76f1A9b9,Phillip,Summers,Female,bethany14@example.com,214.112.6044x4913,1910-03-24,Phytotherapist
7,bE9EEf34cB72AF7,Katherine,Buck,Female,conniecowan@example.com,+1-773-151-6685x49162,1989-01-22,Intelligence analyst
11,BF0BbA03C29Bb3b,Sheila,Ross,Female,huangcathy@example.com,895.881.4746,2008-03-20,Advertising account executive
14,b759b74BD1dE80d,Bridget,Nash,Female,mercedes44@example.com,(216)627-8359,2004-06-28,Social worker
16,50Bb061cB30B461,Thomas,Knight,Female,braunpriscilla@example.net,+1-360-880-0766,2006-02-18,Sport and exercise psychologist
20,88473e15D5c3cD0,Jared,Mitchell,Female,jcortez@example.com,+1-958-849-6781,1921-01-18,Paediatric nurse
21,b31D271F8c200AB,Jacqueline,Norton,Female,carias@example.net,819.309.7679x59173,1952-10-09,"Scientist, marine"
22,42F4BdA841aBadC,Colleen,Hatfield,Female,fknox@example.org,638.584.1090,1949-10-14,Commercial horticulturist
24,f1f89173353aD90,Janice,Rhodes,Female,juarezdominique@example.net,001-249-314-9742x6996,1999-11-01,Drilling engineer
25,c5B09fb33e8bA0A,Alfred,Mcneil,Female,cassandramorris@example.com,(468)276-9509x53058,1993-05-28,Systems analyst
28,ddEc50e2A2e3a2B,Brittney,Vega,Female,ayalajose@example.net,945-739-8686,1932-10-31,Recycling officer
31,5d2feAfbdCAA6B5,Isaiah,Camacho,Female,jimblake@example.org,001-536-544-3367,1966-04-07,Food technologist
33,8Ef7DBfcaB02b6B,Bonnie,Andrews,Female,caitlin24@example.net,+1-253-987-2776x9161,1953-12-21,Seismic interpreter
34,6Dec5b5542F8ed8,Brandon,Schmidt,Female,mconley@example.net,+1-386-673-1465x006,1931-05-12,"Engineer, biomedical"
35,3Fb8a7f68e12784,Jackson,Sparks,Female,reynoldsdarryl@example.net,(137)908-3129x65035,1980-11-18,Set designer
38,ACcde95AAe3e6cC,Gene,Rich,Female,luisdeleon@example.org,+1-356-818-6604x89537,1946-08-22,"Surveyor, quantity"
39,b6a35de5CB6fc25,Cynthia,Wiggins,Female,rosariodave@example.org,(110)858-2437x70190,1984-01-27,Outdoor activities/education manager
40,e92A191E345fA3A,Tanya,Mckinney,Female,vickihouston@example.com,(830)774-9002x086,2003-03-12,Information systems manager
41,7D0AcBF6CCac3fd,Matthew,Stone,Female,evelyn31@example.org,952-381-6360,2017-08-23,"Scientist, clinical (histocompatibility and immunogenetics)"
42,CEFA7BBCef013AE,Kirk,Walsh,Female,stephenfuller@example.org,001-826-496-5529x8661,2009-04-08,Accounting technician
43,9edBC94aE7cA22a,Willie,Vang,Female,haleymathews@example.net,741.168.6854x067,1978-02-02,Management consultant
44,fFe7BAA737aDbe2,Miguel,Hill,Female,tyrone56@example.org,5247842945,1930-08-26,Make
46,6bFcfc3cc1BC6B4,Haley,Pugh,Female,molly03@example.org,(746)182-6137x2453,1980-09-16,Commissioning editor
47,f3BD2cBF7eEb6df,Danielle,Estrada,Female,jvang@example.org,(890)374-9518x772,1930-07-09,"Accountant, chartered management"
51,eA3fDd79BE9f0E7,Heidi,Escobar,Female,staffordtravis@example.net,601-155-3065x1131,1931-09-25,Estate manager/land agent
52,aF0eE4547Bc025c,Brian,Oconnell,Female,saralong@example.net,952-283-1423x733,1911-10-23,Physiotherapist
53,9F5DeD7aD228F5a,Beverly,Esparza,Female,iphelps@example.net,+1-327-578-8754x6771,1930-12-09,Passenger transport manager
54,D3Fa0220dDE4d36,Nathaniel,Rivas,Female,roberto29@example.com,(655)887-2040x37888,1908-11-17,Call centre manager
55,60FdBFd5e7BE8fF,Debra,Payne,Female,yolanda07@example.org,001-731-525-8400x52593,1927-08-20,Special educational needs teacher
56,D8bF5Ab2b98caff,Mackenzie,Rocha,Female,abbottyvette@example.net,4225525458,1980-10-21,Museum/gallery exhibitions officer
57,CD8d33aA25bc8BB,Courtney,Watkins,Female,ochang@example.org,210.683.2761x5883,2003-12-07,Pension scheme manager
58,Fac3BfFf0A3d03c,Fred,Olsen,Female,amyanderson@example.com,497-774-3053,1910-04-10,Archaeologist
59,e552D7ddafe1FFb,Ryan,Nelson,Female,qnorman@example.org,956.330.2951,1924-05-02,Historic buildings inspector/conservation officer
64,5D2cb63CaAF53f6,Leslie,Conway,Female,floreschristina@example.org,795.782.4384x555,1983-11-06,Chiropractor
65,Ee6974f90eeCe18,Harold,Barnett,Female,nathan65@example.org,+1-026-265-6392,1943-03-15,"Biochemist, clinical"
67,9Df5Ba591bF3EFf,Mike,Ward,Female,imccullough@example.com,116-729-5046,1967-11-09,Hydrologist
68,3faB1CBfEFBDdD4,Brittney,Rubio,Female,corey92@example.com,593.976.2528,1959-12-24,"Biochemist, clinical"
73,5bC87340799FBD0,Jean,Ritter,Female,kristina76@example.com,(954)060-1066,1985-08-06,Financial trader
74,dBfA17Aaf16b4ab,Veronica,Briggs,Female,weissbridget@example.com,+1-521-589-2387x48490,1974-06-08,Structural engineer
75,c935b7Eb6FA0B0F,Kim,Andrews,Female,wpetersen@example.org,7677125383,1990-11-15,"Biochemist, clinical"
78,AdEd6cfD85DeC46,Jermaine,Reid,Female,vpaul@example.com,(742)214-8691,1974-08-18,Newspaper journalist
81,12DCb4ED8E01D5C,Tyler,Foley,Female,johnathan72@example.org,001-386-469-3075x8030,1908-09-19,Economist
84,bff9853aFAeF772,Douglas,Reese,Female,nixonvanessa@example.net,001-834-660-8312x9864,1961-11-11,Higher education lecturer
85,E883773cA5219Be,Helen,Williamson,Female,melvin08@example.net,001-377-726-4229,1911-08-11,"Lecturer, further education"
89,3f3a3D89ad042Dd,Harry,Medina,Female,olsenmalik@example.net,+1-451-099-5805,1947-08-24,Technical sales engineer
90,9425E2F38C408ef,Kathy,Haney,Female,teresa37@example.com,(164)105-8456,1955-09-02,Charity fundraiser
91,F0aeC9c2759F3C6,Alison,Nixon,Female,zmiles@example.net,3506680871,1941-07-10,Patent attorney
92,d6EA619A7C4aA95,Jamie,Hardy,Female,sheenadouglas@example.com,(900)803-9295x11533,1994-07-17,"Conservator, furniture"
93,2A33E7Cad1bb0F5,Melody,Cox,Female,evan90@example.org,(626)520-5080x3511,1974-07-30,Dance movement psychotherapist
95,feaBf8dAE0C0d6F,Dillon,Guzman,Female,angelanavarro@example.net,971-992-4521,1942-04-01,Air broker
96,5eFda7caAeB260E,Dennis,Barnes,Female,bmartin@example.org,001-095-524-2112x257,1954-07-30,Software engineer
97,CCbFce93d3720bE,Steve,Patterson,Female,latasha46@example.net,001-865-478-5157,1932-04-29,Barrister
99,Adc7ad9B6e4A1Fe,Summer,Oconnell,Female,alexiscantrell@example.org,001-273-685-6932x092,2012-04-12,Broadcast journalist
